node_id,pois_id
9995382103,1092542124
9470353031,3563670773
370281925,11999741899
5358078489,6160275086
1733641127,1733641127
3271309382,4162332590
588152932,588152937
3690493522,2447785850
4348069457,4348069553
3588641175,3588641175
4232911119,3091301059
338753756,338753756
9119041243,9119041243
5235838867,5235838878
11017064352,11017064344
11017064336,11017064338
6260877366,6260877366
1221122427,4409072507
7508473812,4409072519 7508473885 6269840698 4409072165 4409072183 6269840713 7508473807 6269840695 6269840718 4409072509 4409072492
7539529744,8148029002
317166660,2327355743
1315816067,7037232435
262685441,10284191893
470217733,9330775786
2980462415,1786960251 3152783583 3557252080 3557252423
12178957335,11040453166 11040453165 11040453163 11040453164 11040453162
8282412096,3487923931 9981998908
8502091019,4323333391
4073916387,8148041349
3857792614,6543462105
3477858465,8056285301 8056285293 8056285294 8056285302 8056285298
5406254637,5397367071
9354018385,11362348178
3011566518,6519201525
8140600442,4684077148
3456691896,8901822441
1316731689,9409347594
505330359,7637076328 7633689626 6764556258 7633692585
7957998773,5734957380 5734955330 5734956464 5734957379 5744940655 5734956461 5734956462
6705249444,11021707208
8067311145,4505462789 1260311764
4589395523,11030858796
4653275022,5652235608 9408933179
11192095541,5184319021
1500843220,4409072522
26794455,4409073287 4409073282
10681843267,5652208308 5652211919
3712540046,6399593453 6399595918
6653576364,12203521194
9986991242,12133344121
12136998000,10187593304
7895432559,6595802968
1037073511,4409073402 4409073403 4409073399
8695610422,6216807226
9433617982,8505009943 8505009938 8505009944 8505009939 9381204484
647479999,12049033369 12049021268 12049033370
625943717,6214780543
8112867990,9194498972
8119885499,11672859875
1712253708,5249850221
472919566,6821748225
1399014784,1002954925 4215844490
631937626,247688308 3819842667
11824277492,6199165847
7487957380,7487957383
12017334920,8147995890
11332164892,3621152693
11840313428,4409072146 2627276414 2627276413 4409072536
12025368577,4409054102
9309849029,9309853951 9309853947 9309853945
6765377107,11021707212
5000707344,3165808487
3680176514,648527819
8623422963,6629902959
12180336918,11181490085
1231549659,9533979752
9049580524,11200636443 11021359945
2003940117,6501376142 6501376092 6501376126 6501376144
11174875605,6810371837 9409264478
3248637363,3310851585
3683174159,4072620796
7667231268,5518987482
4339095259,4339095289
334406642,5271327317 5271327312 5271327309 339246204
1705936564,10950809498
11901058917,8064197855
9775257023,9775257030
806887748,8726226623
8354165355,1719916611 1931491246
12026912295,3151894065 3152782065
5677517208,7097308375
11184772012,5235312253 10711157397
10753355264,10753355273
648745802,6382164323
382775511,5930514909 5930514908 5930514910
6533238154,9424174963 6533241024
11520610099,8329224529
11519967208,8329224531
6104028160,8329224530
773067514,8329224532
338998797,4346681589 5271327318
8383660143,6725488661
338999433,5271327301 4346680990 5271327300
30037740,4409086220 4409086218 4409086214 11090555305
9703632081,6841983781
1309735161,8555605630 8555605626 8555605628 8555605624 8555605629 8555605622 8555605627 7519548166 5237345535 8555605625
1914627863,6732171506 4409072148 4409072489
10310178247,946238788 8594006472
12207917672,6366344280 6366336988
1472667631,4697728408
11235870381,4562113393 4607342092 5577473651
6493524695,9082115597
11585563798,12096414787
11278401481,12133344122 12133344123
4349240001,6210866728
11278176359,12179578688
8063934807,8050894827
1804301779,4409073281
520395488,4426997474 4426997475 4426997476
9284766487,6903650480
415505584,11030858803
3101300983,4409074500
4951450973,8056285287 8056285288
1686416020,8056285291 4089606615 4089606655
36565539,5186478454
9027145098,11020658860
12097664191,5734955905 5734956441 5734956450 5734955904 5734956447
7935607698,5745066135 5734956463 1753577700
10734212607,5734955333 5744940535
7957998832,5734955334
7188918813,8505964371 8505964370 6587516073
1383204005,6813564992 7131697276 7131761294 7131761287 7131761296 7131761295
11406432598,8660626400
5874617801,11482305626
8120154907,3725442520 5173332722
553076726,3355430522
7855938532,7504719377
7426805057,5744940657 5734955909
3855668479,11963329673
5590940387,8086206717 8086181619
6744747109,4409054109
8242698076,4409072167
9330996594,4409072171
10019505540,11021359949 6751264577
12088388838,4409072501 4409072151 4071028772 4409072144 4409072513 4409072533
3454681134,5919409285
8186181543,8050736994 8186181536
6282158721,6282158767
2406473556,8043350495
7732147534,660434648
7891377853,8072093343
2446110488,9970749246
7120414738,7120414755
176018879,7387262524 7400160816 7387262615 7400160817 7387262620 7387237575 7387262619 7387262621 7387262622 7400160818 7387262623 7387262529 7387262624 7387262616 7387262521 7387262526 7387262527 7387262635 7387262528 7387262634 7387262627 12117585184
1764361183,2312365245 4914016022
492355706,11746962369
338869196,4346681189
338998772,4346681489
338998607,5271327306 4346673690 5271327304 4347909790
338998620,339246192
11028146340,11021359946
415661380,11021707210
10925266253,11457580327
7238124010,12052292253
9769442657,4343198758
10277071359,9807707387
1038848686,9441146849
10184841828,7711922474 1234226121
338896021,6217993690 6210812006 8148193157 8148137094
7961861536,3595443321
3529348663,6089367725
415505529,11030881005 11021359941 11030881010
11149506567,9622603009
11377356331,7612948065 7612948066
506062147,7612948064
3497489386,3305141761 6689950925 3587066493 3582334895 6689950910
1105431624,8410287417
8322742704,3310851584 6689950957 11361823504
2292032200,5271327292
2490555041,5855481276 5855481267 5855481272 5855481270 9120860398
4065533286,3176160092
1390356029,4409074506
399360891,6656058519
5693902894,12105453131 8056278967
419469978,7642378300 6629990255 7645393121
3456455744,4826375621
1552426519,8147990709
12047208098,4409072184 4409072546 3874193382 4409072534 9735878433
365773875,6903650479
11283874543,12179578687
9740188674,9688759347
1490446028,8444297613
5984481198,11691729649
3683321680,8188103315
338868923,4346681389 4346681190 2401062880
338998805,4346678691 7394056631
9339283997,10681843263
6319933104,5271327305
3416868368,6399768165
8753190711,3297409680
287787488,8148125200
12056731923,5561191897
4685756675,4409086217
8986943112,11872997504
1743258267,4331998289
1099386158,4409072159 4409072173 6276057396
12088164662,4409072508
8156072286,7742323152
11285101425,4000204824
1390355679,4409074503
338998777,5271327320 5271327316
9592629001,4698789556
338998596,4346678693
9611020123,4993471021 1211948156 9946877017
10700098923,7393930641
8023508055,8608458733
9111534422,8056285307 8056285306
5693902996,10136013237
11230063392,11230068604
11230063437,11230068600
3432592521,6711114690 3098115666 6711114885
2325120329,2322709550 648735254 11079564705
647479997,12049021266
1435065699,8148173926
9445499859,11021359944 9408938194 4995658927
1416085660,8064197846 8064197844
2399888691,1630957030
6466983710,5745057235
10977695727,10979821506
7019499791,8147888230
8390882438,4409073395
12199972555,8148038202
975577471,8148038203
3606234404,4727221573
1585332285,8147853396
2992799257,5381946076
6313322501,4409054107
5771946041,4343692187
6751323007,11021707216
3639998818,6089270264
12171125473,1786949691 1618589225
491973449,6510367618
806646486,5855481269 5855481271
1676254066,4409086212
9380046883,8056285289
9316612545,8056285286
6533238137,6533231418
8790817598,4693771775
7460079434,7460079424
6356753259,8949996427 5167654922
628468982,8148173520
7455006158,9441146848 9441089789
1324478148,11030881009 11021359942
2776311697,11030881006
989386778,7196046711
7188360148,4386255548
647515543,12083269697
2078134628,6721966295
3950940376,6433110090
419453618,7638876952
5351765844,8322224690
4926149443,4672352391
10787231343,12125680541
339246189,5271327319 7280852552
338999530,4347909293 4346678692 5271327296
1472654923,5652203734
7111504431,6219136277
12113042249,7387262520 7387262577 7387237574
9426790853,7387262530 7387262537 7387262523 7387262629
3177439792,3440123619
12041028209,6564068185
9870460188,6448398995
12171380328,3166230358
5000575744,3162109186
5167370922,3771950557
5693902674,8056278965 3634697077
9506840132,5693902847
2148443046,4409072500 11289255170
3271611578,4409072156
8113924646,8148035022
9426847242,2627276415 4409072181 4409072527
10761858890,6483119168
1107416715,7508449079
5597130983,5145513324 5134184721 338846665
4363577631,8147847286
334880114,5271327314
8608766392,8695629951
2490635289,5041553422 5098979621
11586561488,8148087794
6793964633,6512152953
416252847,6501376130 6501376153
26823933,4409072175
11568472681,9309853944
6102438082,4409072542 4409072545
382780456,5009598923
8933426544,3176238732
2966994991,3176240271
3781056914,3781042003
7383867371,7387262605 7387237576
10790583003,3148586029 9818596364
339056343,4349329289 2321391120
3678199534,9409184107 9409184108 9409184109
11618236620,8972734774
1316792156,9044442368
8040600272,7147645785
8816127738,6862180478 6862168001
9434062055,8505009945
10028183054,10028183056 770835653
11897856387,8148083344 8148083343 8148083342
1986417374,12049021267 12049033371
4471100350,6214880068
9422950531,11021359948
9446493257,7630679086
3210808848,5855481268
2966994987,3142885777
9316833854,5652209147
12119581887,6226004356
9944983056,9945063926
10962574185,4409086216
7508473708,6269840717 6269840712 4409072516
1665492204,11873484270
3666684639,3666684399
1446010898,4409072537
25938332,4409072185
1390355763,4409074499
1727522689,5271327303 5271327295 5271327299
12117585180,7387262625 7387262593
733313162,6399768488
6328228730,6914060121
973435031,9441146850
3929875116,9982599361 6879508776
10790952919,4583453790 9408949155
506369424,5247717495
7509195390,3025862206 3025862205
11687329778,8147846649 8147846651 8147846650
11629460709,7412795462
8244132770,4693751861
7833987590,3938298333
245673017,5326062864
1583239020,5143807421
6813564985,6089367721
971121479,4921449622
3802242932,7387262522 7387262617 7387262576
1309734933,1337999643 1178757953
7134511825,8148124861
7383877612,7387262626 7387262636 7387262525 176508387 4340529695
8169004507,8150747890
10695068210,5303922451
8502230354,5168262321
1390309415,4409074507 4409074504 4409074505
2789543137,7387262493
3166188914,3151928296 3165802496
6907795371,6877300346
7508473855,6269840708 6269840709 6269840719 7508473722 6269840703
424686912,424686911
4682794405,4409086221
8477520077,4693777889
12046487606,4409054111
4987455689,4409080569
3271521283,3874193383 4409072532 4409072491 2774325367
9237040159,424686909
419455664,7880282908
7949027486,7906979586
4022450491,4278567289
12025507764,4727211291
7383877692,7387262618
338998830,4346680989 5271327313
9514972417,8056278979
9426794478,6257973191
5325966146,4409086219 4409086215
176019228,7387262584 7387262606
8493482029,9409283261
971096805,4249459112 1235353135
988415766,10103491173
7490963533,5734956468
10301593753,7451298503
12182926712,8047684224
7003046379,8130805839 9903029717
553185428,3725455228
4567971750,4574410336
3416907301,4401565292 3033928154
7105859478,5652240961
12011650545,6880444935
8442437942,8539678302
1013075987,11739970875
4213327160,4409086213
1926188812,1931499637 1926188813 10164203321
3242018269,4409054110
416161973,8148034390
3791017354,4409075590
1742441870,4409078592
4737884434,4409072540
7935087026,5828090547
2691528098,833617467 833617462 833617468 1497978865 5148208621
8504301544,5043621797
3477858469,8056285290
472605911,7387262541 7387262558 7387262501
8483770464,4369544903
9373730346,973348455
393647340,11021707209
10944335796,10944353413
11263156447,6089270262
6786234380,1032630870
9918218933,3634698108
7161983955,5271327293
11897233071,6267999146
6510367671,6543994131
11757178518,5734955908 5734956454 7155998814
538136755,1241523613
11204513332,4409078596
1742441976,4409078590
499939168,5012309421 5012280822
9987120686,12048637757
2291046405,9071381715
10148775468,11030858804
10938925935,6990960996
5446711631,3052982193 3996624857
4306425013,4374630501
12037559731,4727106879
3449590325,857886996
8627217565,919787635
11252400192,5734955560
12001560250,5248233857 6839007595
6040680198,6465864948
8113387754,8893274930
269834084,5271327315
472605925,7387262594
6491559340,10005379498
10790470980,3148592029 4655275290
10050100270,4976526621
11140299858,8147983923 8148088383 8147940828
7108356732,8147980100 8147980093
10569770328,9229989639
7844401284,11021359943
11191083914,11978899479 7076672315 5847795785
1389822146,4409054103
9681024949,3611835099
9380046815,8056285310
10030477782,10005379497 10005379496
25878045,4409072493
7567530371,8148038020 11126588759
8455280097,6534721295
9325665836,6256993741
1712257780,4731553439 4684081418
1509422893,4409078593
11688915494,5140148166
10537530657,7120334549
519033239,3559323304
519041858,3559321931
1746190669,5271327294
11106021187,9409067315
12047306396,4409072494 4409072502
1583264792,8148040650
8806197949,9432172789
8501218130,4785477821
176018573,7387262628
9385962713,12077467346 6219934866
5953000910,9441146840
8950110591,3672727518
1886265820,4409078594 4409078591
10290347106,4409072188
11037753762,11021707215
1390252914,5545433226
6617238614,8147976060
5359827922,5351053224
8483770517,5677243423
7123517352,5410296636
8169353669,3667998243
287062817,5476769521
3660678630,766160778
6835782575,10950812083
491920161,8377458274
12010755621,5614338561
10253898675,4409074501 4409074502
8246624165,8147864211
11757837889,8505009940
12024864930,4409054106
9254993750,8147869305
3225782866,4409072514 4409072149
1099036609,2627880281 7508960186
10943140437,11180441698
538141100,1241523614
11139948766,8147980094
7603253053,4409072525 4409072547 4409072548
4914052150,8148116829
1552426716,8148126247
416162070,8148126246
12062697899,2865564204
7715096338,7715096336 7715096335
7400361150,7400344049
11636746090,10695461311
11110989118,11011103116
1162915734,8044505927
326359241,7811278907
1016411512,6207076772
1107309578,4409072530 4409072510 6268965104 4409072154
1500539543,4409072187 5195384234 10292535153
6765357701,11021707207
8529305602,6304794962
3242293767,6391442717 5867041385 5867041085
9444902423,8505009946 9382980598
3431121088,4409072529 3040237467 4409072145 4409072168 4409072518
5724729779,8147992162
1433164351,6611027523
8945680470,12096386290
176018662,7387262575
1924305439,4409072528
9856702737,4409072515 4409072535 4409072170
3575803095,3248656861 3583450324 3575803697
647515548,12083293354
2800281725,11030858798 3786846500
5750100955,4409054108
6269078144,4409072490
12088630917,4409072531
7923735077,4409072526
4451112819,6336376030
3483387189,6210836362
1516043998,4409072538 4409072511
11084858792,8017626235
6836056817,12026759910
9859298634,12166264407 10982803731
8067719380,11566576122
8148094352,10676546419
8483770582,3798834384
4209605714,4361069434
1584222339,5276193892
616381814,9214793917 6773530954
1833783303,11781686270
8127939069,7508991870
8040249475,11054056622
491890683,3416904475 4377865992
8521609138,1116403122
8192978608,6597342285
8147970067,9294672417
4962899047,7610734338
4164113789,9982273291
492290443,5003917107
9611895116,9368008373 9368008577
2969765355,4911916975 5225514695
519033110,4434603371
6700792740,6734238786
491986620,6206750185
8945242044,11817962279
10274286874,5183024825
2577786052,2535738401
6816280207,6725219256
1552429656,4527806892
7346842107,2988946834 1210013028 7850329864
1646573518,2542545145
7621997256,4978319911 5692007276
1674051766,9514404105
9530301517,12106985967
9380046888,4407484220
1636158617,4249774417
11177942724,11176041034
4472001450,8104401142
10705171486,9161393960 8984649649
6806739827,5004169222
8561189542,9123397998 9712790342
3185373122,9364253883
11300994227,6040537017
9919780734,9980256938
491961076,6515855089
9201371726,9201371729
5007689692,5007668690 5007655814
6611306720,6588086520
10299681969,8612365312
7921700045,7141266468
491978233,4966822470 4599202024
8913991978,7193816957
3778950614,10122945655
11559183526,6773726348
9920194433,9921290086
11753516249,11753516256
12084595180,1766896418
4674022697,8163368768
5037679867,4852919686
647599828,5175856841
8905040470,8905040461
5237394922,6606854180
7823146806,4363295460
662952024,3387140936
3783791663,2909168504
1179620252,1179639259
1948388511,1948388517
12019764920,12020602926
11389325690,11389487097
2078306283,11389487131
7564447298,7564447298
7914140219,11493731839
3722995917,3722995922
11131446059,3393377682
9584214505,9584214523
11113035850,5229821285
5472886496,766890346
269756812,1907814134
12175772260,3396293653
11214229312,11234218719
3476899657,3476899815
12013809938,8208552599
5644980309,5644980307
6606854234,6606854235
6606847335,6606847330
1813438103,3387140922
11133057820,3638119188
3650700936,3396293629
2076582134,1855198184
9029956417,3385463741
5472940127,766890347
8233162420,4110728890
3390623413,3385463634 3390623413
896043539,896043539
4890627550,9472425142
4297044328,1582084788
11851441059,6802853928
5517385893,5512636370
854184908,854184908
9647386409,3385463605
9121234709,9121303199
1956842321,1956842306
11389567632,11389487128
9946704190,766890341
9946705322,944911564
648744689,11079539154
9491086452,11014677418
9124856323,4332570389 9124839263
5260336080,3385463732
2928751238,6958393151
491975829,6334948016
9968559091,9968606526
5242114785,6692764690
1145020821,6680242085
7020322475,1044301777
12019764897,12019764919
491922289,3179669145
3087081559,3087081560
8677154657,3387140929
6606854212,6606854210
11036413121,3387140931
9910579405,3385463842
2409161163,2409159844
3681578179,11462256634
3611207701,4218595192
9970780238,9969124010
11102606160,3033924566
2074998106,5229821282
6056368407,6056368407
6047103568,7761403161
4184077811,7761403106
944911827,766890311
3972867992,9529128882
5080460249,1706583928
5810002793,1762729885
11524309012,11524308968
3390618811,3390631868
5333213314,5049842921
10964489639,9743894117
9543979702,9529128883
4111868034,5045740522 5045740523
472606419,4328232094
10824978915,10824978914
3044816850,3044815062
480443334,480443318
3882375165,3393377734
944866253,766890345
9150260970,11249187363
3977330730,5233984115
11236878364,5132197163
2983196471,7153104826
11024970491,4351284889
9647387656,3385463604
6737778466,11009032687
3044809122,3044810835
7335698747,4826583681
10010231146,5229821287
5235839443,10824978917
281861459,8775272637 8775272636
3611207672,4218595191
3049445920,3049680519
5260336089,8905061735
11016803329,11016803341
5217339991,3989213109
3983582475,3985003185
538433148,3385463839
5898299360,3396293385
3983579844,3985003190
4330200044,5657345997
3390623184,3385463640
3390652303,3390652304
2454822366,5983874922
541067281,5983799329
5267300250,5267300254
4795699817,5652254448
5264977596,5264977602
5265027538,5265027571
3049400202,1919398455
492299567,9946070355
9108642922,9118730261
7275439650,9470353032
3877102264,9529128880
506387660,4406172391
9945950998,944911558
11524308872,11524308895
6448190112,4953881621
8904862327,3387140190
8220045000,4329452991
2718119809,4351483734
676177174,7722310285
3723057625,3723057628
10700965072,11009335540
12084387202,4896097761
5131716732,5131716733
6598952962,6720175066 6598952962
4605266208,3385463819
5216950486,5216950487
2074996861,5229821284
534917087,1327866278
2398657326,2398657342
9710355074,4361882716
1385640174,4971542888
7436037523,7436037523
3049465715,1919398472
3049445865,1919398459
3049422592,3049694357
5419071449,5419071447
3081068580,3049840530
5127542070,5127542071
5260336091,3385463733
10069001935,3393377674
3049341295,3049840531
3972423442,3387140148
3049341996,1919398475
11502570550,11502570556
1385457271,1385457320
10069019872,3393377658
11471061872,11471061434
3633591441,3385463610
3390631871,3385463639 3390631871
12117569641,12117569642
6855821079,1919452855
1041903460,3396293354
4740645154,4740645149
3049341319,3049687520
11481561378,11187076421
10155758402,1855197577
1795885541,9071232432
3764322385,3764257357
5235839237,10824949304
2369078538,3385463779
491963981,3644235741
11236817056,9915991123
5700208444,11131446060
5217023726,3783434971
5650714739,5650714738
844361159,844361174
3973037159,3391831255
1093268477,6396357897
3210068160,3049416632
4347631489,1434682077
11027042841,9106701343
12117641847,11009384440
1684229969,11300374269
2204174967,3723149305
2957656723,3722995844
1814085020,3385463659
1133419398,3393377706
4298774892,4298773087
3610057181,815099031
529696239,6026331968
9490163808,9490163808
3345192407,6761408787
269822167,269825348
1987444356,12094365335
5244731892,12086241254 5716235467
4324713884,3723149285
5225134724,5225134724
2643079094,4956170598
537067955,1206235240
1894928210,1894927875
6056527082,3394788526
514849100,5859199367
4981771743,8694269384
3056357729,3056357732
1584226094,4322050289
5613347386,5792360124
12009939273,10833071974
10824978925,10824949302
3049352110,3049841533
974360412,3753822551
5070410356,5070410355
951011080,11062733838
3723149309,3723149308
8233451992,8233451991
540494287,9975091871
8902008944,9871497943
435584927,435584936
1024576886,11300374270
5238603168,5238603189
453576589,1385018493
382775154,5551050024
1625770542,3683130204
653105115,11583111433
11062895851,2782652568
514842396,4654422492
7725692762,7725692776
1370485112,4990428308
5415365531,5982316533
4981778032,5686355422
5930350501,9233576544
10102437226,10102437249
5828345471,508497915
819591021,815130880
3967261092,3967261080
11129323655,11127303239
9350964673,3385463594
5657271457,5657271458
5238702327,5657711936
4238001530,5661779304
8241710012,3385463602
1645765987,4919983321
11131353789,11131353788
518249686,11231090178
3708663664,11231090166
1040294919,3928001586
529999514,5984011467
1720093606,3056357717
1937898634,1894927872
5332151065,4439832090
3798632427,1949205166
492304586,5987595375
538687939,1717047223
1612729121,9871481628
4324653418,3723149301
2236122145,10577814589
799975625,3326485993
1764360839,6652969835
492295599,6737637586
5090081302,3723219080
12200453376,4965043921
3783619233,3985003182
1402299851,3379065051
3817956920,3917018460
10606106810,10606106811
3985003191,3985003191
12099505449,12099505450
2690653239,3393377657
4865431535,4867446813
3087084067,3087084067
505893515,563257807
3094742591,5657697028
1894337023,1894336979
5242090893,6692363590
5481468917,3387140156
11113061726,5229821286
1950388932,10538005646
3055587957,3055608348
11131446113,5080180522
1810759356,5233973237
886593554,11139320640
7869824000,9871481629
2589573244,3385463712
1637227613,5686367021
1598467620,1855197579
9222601305,3396293356
801114953,9467182965
887601681,7580524585
4363295456,3640926962
1641251058,5686366921
12170431650,11447817901
510359392,510359597
419434893,533966925
1916010860,1273711534
4981802237,9219251057
6949440205,2790605441
8208477529,5983902989
11234515149,5233973222
3651401253,3651398051
6422276404,6422276579
648627742,4303467638
12194008480,6692764587
8229949104,8229949320
3390660744,3390660743
506063570,3387140158
3774239478,9241259200
522268895,5648525085
8677155161,9241878923
10049524188,3385463653
9241291439,9241291440
11930079950,2261710123
9297377103,1243460290
4319657488,5898329086
531001142,5650741936
6655091999,3385463791
751963058,3042656959
5931429521,5942560832
3338507685,10161614810
12200058940,3393377683
9880053534,4408332989
3611863320,7545609685
5776368320,5923065285
7347295011,3393377767
4744150927,9239385983
3649975694,3649970028
3720245073,3387140935
9908582763,3393377729
5503603319,3393377711
806823381,6111993157
10718256898,11035982623
4535225147,4535225158
4817067348,4817067347
1763578130,5657449394
7678113202,6486331169
530036941,3733193601
519294886,3454221596
2841088847,4380083989 4380083991
11009607480,4415802332
518248123,4421425701
3672256273,5907399885
8600442297,1636097168
3329467343,3236911977
8517911240,5591339586
1706577338,4415800799
2014760005,6855736730
4200638170,4971601762
1638466650,3394788527
1368097898,1368097902
11921117305,11009353536
1171242223,9248796469
519036680,9249604787
9761332513,9946376141
9248821471,9248821476
5264878963,5264878961
11409089129,3385463575
4745354828,3385463574
2077078503,3391831277
4418010464,4418010465
4320433692,4320433693
5738515762,3385463775
3733103878,3385463738
5942611273,5942613487
969878482,5070531021
5684272025,5684272022
3236911836,3236911978
531901982,3385463786
3982956226,3385463749
531885821,3391832205
10226782875,3385463552
1847297510,9039152297
11013238673,3387140989
12019764575,3023451710
3744522538,7039282580
3717207788,9248777470
9248799229,9248799219
8127986200,5208501021
544295316,4900300602
6075192378,3393377692
4773951129,3385463607
653106852,3387140991
2834228282,3393377712
10688473751,3387140959
7696307043,4337763096
663111963,11036413185
3329496279,1243460286
1305938076,3385463781
1298171230,1243460293
10109011409,10109025035
1037795864,4582730089
5065223291,5065223292
5331220984,6678152572
11481539659,3236911976
1168853574,1168850591
3070497012,6620850996
2163949960,3619403081
9373072537,9733456580
2454786820,3470089658
3201023587,3201023591
6693543796,5787574179
8203874426,3385463844
3783434995,3783434995
4160212829,3385463652
2854381329,3393377726
9861538059,1149736863
4877580053,4877580053
4175629709,4971601760
6008635411,6647805184
3819328675,12045154351
740239343,740239605
1032347739,1884906231
1563083120,4421477189
6026574296,3626888685
5283257278,3393377684
5288538245,3393377686
9854523568,8774847649
506388395,3385463619
529522228,3391832196
3756502863,3393377632
1370081819,3393377678
491934343,4344194090
5706837880,3385463757
7802938834,3393377701
1692125529,4417884796
5706838149,3385463762
11959573270,4292283290
5245001947,3861755135
1182984385,9241423894
1444057588,3385463661
3610010736,3393377719
2854386682,3393377722
506387449,3393377661
9082983082,3385463582
2075237322,3393377718 2834233316
2786253416,5515452809
2402006218,3393377707
4324602666,3393377715
9248774291,9248780618
5706838049,3385463759
491950550,445987048
8419401919,5411028534
2393508728,2393439222
529518868,3393377732
5082204356,3753800627
3695856399,3393377698
11834304252,3385463647
5706837265,3385463761
5286952678,3393377676
8312472900,3697631200
3390584463,5874709999
7869824012,9871481630
4200638207,9120605731
10749554778,4227532491
1329002085,8005357687
514857334,5648289659
3674111017,3387140909
4200697205,9120605730
7722261468,3396293378
480433679,4415802130
4428267207,3393377709
2075235646,3393377677
492358412,4459825735
419437714,5648779800
1907725890,9267596874
3633591097,3385463612
1444835352,3387140904
10067930732,3385463618
3700806571,3393377710
3883996848,3670534273
6067870086,8232963633
5332150964,9969112223
919351340,919351197
2888586025,3393377721
288988905,7601223190
7099342323,3393377763
11610735864,3393377739
419442008,7985513486
648453893,9879689333
12214657999,10932486625
8934715500,8934715499
514847887,3626957034
2081900430,9816312596
534458115,5170685621
2986977520,3564777565
26823946,1515736040 4409072178 1515736044
2406357092,2399887893
1505995839,2399887905 2399887888 10115456548
2406357435,5614500944 2399887900
4741850429,317361589
10022822565,5101537621
10046399027,1630957023
5795811923,5847660684
5243333542,9923582017
5911240126,8459671417
342225460,2480837950
11029446879,5962996685
3726817701,3783559226
8858669174,9816045969
2081900406,9816312578
12079133618,12079133597
5614500921,5614500922
2078741959,317232008
255804018,6216807227
1649965800,5766387245
3690742827,10032460656
4336216271,2089403382 4336216271
2706147020,11940748817
7650580751,6732237585
419468850,9248095541
9044483305,8984501636 9322495303 8984501628 8984501630 8984473906 8984501629 8984501631
1505995792,2399887889
12050148060,9989742217
508651814,9989742317
320274489,4770571921
3615855003,339373705
3633801251,5184318003 5629478421
2078228922,10032460655 10032460737
10097058011,10097058011
6864835121,11626483180
1416010214,2410285536
4821460081,3734085011 5148711323 5148711324
3090137889,4378548825 3090137889
2333752592,1784941955
9203444373,12079133631
9816312605,9816312583
663119890,4378267215 4378227125
3225800878,4373146447
2416312424,2415312430
3660896174,6206750285
1017788345,9026865298
2420302399,12065053769
4370324696,6556746055
2960452167,4425380710
1941611967,6465940185
360102626,360102626
5224068341,8819055512
6471373978,4115256367
4461184357,3127127802 3326485713 5012460321
1505995795,5614500925
2713100905,6635971885
4734807254,8751253002
499939177,11734808469 5012265624
1782935953,1782935052
4334726816,857978426 4334726933
2403894880,2403894879
290049720,4549642290
1081212594,11942565369
6338152154,4336150467 2639758647
491901101,11746673369
2969800555,7132583116 6692764685 6692363587
4370324726,4164263223
508651846,11940759379
5079870737,11090412505
4115248266,4115279266
2706106443,2706106443
1619810730,5614500943
5122512014,5018353188
1907860678,1783220701
1619810697,5614500942
5174125838,5170565821
492299333,11746960870
6558684927,6558684927
1240382958,6089367723 7131697271
9359800905,5029773122 9480471708
1762382996,3698889826
4856526123,769438439
6680210717,6662827856
6780040485,4308024777
1426820975,6489825195
6026554048,4103972989
10088202273,11301571287
1782936339,1782935053
9108385948,4344216091 5043621990
5270769441,12154448741
11098012570,11737941970
2600648870,9673858017
529680348,529680349
1076385061,2613011859
11691961542,6832096587
8542867089,859683780
6043109300,2748850658
7237517303,6036029005
648627543,4395560089
11268482644,11268482648
2370028798,1718602708
9068756480,3534838711
2081887375,9816312579
2986977512,3123400669
403644366,2721753309
293041261,293041468
406236602,6463312786
337153188,5381998620
1764360863,5883317685
3191011956,3191011944
3242318462,3269531963
1352175298,878192099
3735248612,445987049
11885849753,6466374387
288663619,12185208001
491911234,7415087885
492350819,9936010718
11000968887,11970715313
647209072,6786529985
2259698813,11081088126
4201418389,3287871761
4878951654,5328156721
1774354418,4991348838
165496796,9659659617
4727575078,10312211817
6680219636,6662923889
8075909658,703754423
1801942888,5627697069
8113299807,4640728689
10938983328,4670677119
969876347,4725393245
9962775029,7776552702
2395394659,6397779371
2089393481,6431907094
3346044794,3222820986
325811611,5381740453
663876412,4517837089
1678678421,6786529987
11887913852,7613984242 5912625758 5912625286
2006311561,10002599918
11571517563,2014760004
2421258326,9816312581
2644578120,3218389056
11036239666,4536290399
2376717848,2376717848
994253349,1686640589
11244408779,6531468006
9488338419,11891775974 4409072541
6949607728,4139735316
4390859655,11958874974
6065305997,4335834787
3558423161,10032463733 10030062717
1470047355,1470047366
5243190294,7776458245
442408070,442408115
4726016246,11161823252
3591038665,6466107377 11629904311
5719135889,4110728789
2246867060,8858669114
8873641203,4086836890
2405388275,6659620571
8765463813,8765518229 8765463813
4580678066,11076196556 4395505601
775402710,6463312787
10942601268,3269531962 6391416675
6745076625,5018646623
2138093008,12091028569
11575457578,4185036094
1030275532,4974413223
4339119743,1952692968
2427092196,7948227986
2081900462,9816312582
1862684899,5019082921
5314283527,5314283532
3371270194,5864470586
3090137914,4423129193 3090137884
6720924248,6720067336
2445330591,10253349819
987806202,1032456930
7781946617,7781946613
7037214514,335749614
3911547175,8519069268
502792333,3070430289 5018538122
529700122,10015764304
478181973,7545611407
4414317993,4414317365
11292265716,11170761513
7011984593,7011984598
6036092054,6036091883
1564499841,5908901987
8505990256,8505990277
1070304466,1070304404
491923527,11738805669
4164197981,767621904
4336079513,5138842822
1598383273,7613984241
890560086,1693765604
9155464131,7895730690
6797505651,6797505651
8829851965,10290156317
1458201130,6547917685
544340466,11069938601
11363251340,5994523583
5963283593,473408839
6065378824,33280565
2440200776,906648566
7700756791,3684660168
7788764025,3240406485
1647989160,7912948586
11971027056,4898690102 1640059929
9341979661,1433164675
10311565010,5007856267
10185319465,310946315
537097035,6733968348
310377426,1952706673
806658482,3692399226
319180551,5754579723
1904536444,3070463696
10870009078,7019610623
3744576055,3744576040
4858500963,2302861569
9429527269,4399772689
6681591183,6681606986
2302861568,2302861568
3613677804,9038797886
491902864,445987050
4076043660,11954513782
2529909142,2529909138
8740239270,8740239266 5543296402 8740239270
5543272839,5543296403
5543296404,5543296404
2078224680,5790242153
6026603761,11957120960
2970512209,2970512223
9672183977,9672183977 3690493286
6094605794,12066995218
708269780,708269841
11430072570,10596957851
1754715276,5579595122
9515705835,9799358416
599493289,599493289
7603344810,7603344810
8740489423,8740486715
7653007607,5195938822
3190528632,3190528632
3838408304,4270945281
12066995237,12066995237
12066995225,12066995225
12066995222,12066995222
12066995219,12066995219
6353170549,7975224285
4270946317,4270950361
4339103328,5716207323
1572253456,1572255466
2180305464,11979622353
4339103342,5716207324
7620842785,8700558881
1759056360,1327617344
1068654301,1068654301
8656960648,486725564
8724144366,8724144366
5004111852,1633033016
2414006197,2414006197 2414006131
4362365602,6518386585
8976341654,8976341650
4981798825,7979266057
11958986170,1202568731
1306405840,11385051590
1037662304,5018538121
799995080,799995303
3739627482,281817337
4139600300,5487366509
1762727767,11301514605
1691458906,4890886183 9946373218
6617879585,6617879585
3658129217,5101773614
6692764688,6692764688
1132074623,10115025517
1686606320,473391006
3817941925,3817941925
3068296144,3068296138
11383608276,5039978520
1363931471,1363931471
1873899157,550409087
290059508,4379840292
1915966336,1915966344
10863456665,9943961317
292790261,3579427003
4286900377,4286900377
10740500954,10754673591
1685548177,1406597520
2423714046,4976485305
9448596530,9448596530
597713532,535845091
3522770465,3522770465
648745484,6598967616
6361057112,1380549724
1411722067,1412722974
11430072720,10881607216
1485192824,1485192825
419462866,4062472691
7140573727,6692363592
9319838907,9319838908
1919454274,1919454274
1894543352,344148881
10820685460,3879173787
1682615392,1682615392
2239734158,2239734158
486668294,4293473628
10277475257,10277475258 4409073285 4409075589
1744408225,1744408225
1205147981,550409103
10040989909,10040989904
9934372707,9934372707
9543032044,9543276888
11308101164,11308101166
10863749426,10863749434
3266544148,3266544148
4927138837,1036625915
8855669677,8855669677
1460194401,1469131591
4315013776,7771095885
11158247651,11632398580
10577842509,7603356806
9195994130,4452707618
1775736938,1775737145
10102426486,10102457889
12194008491,6692363591
1894500282,6791235788
1894336982,1894336982
1422653615,1422653615
3524731060,9391130307
4132035980,9570280961
281842745,281842909
6692363589,6692363589
11848019660,11848019960
5814440269,6979804745
8441932311,5766654140
5198977493,5198977497
9799358411,5311590199
2393275001,2393275001
3357107419,3410568559
4384845943,4384855016
3564769396,3564769397
11121179539,1247327715
413688775,413688791
6075201838,6075201844
6249981554,6249981595
4206119689,4206119689
804533644,804533883
11066010172,4399673392
11133056725,11309130956
3748321308,6160275185
11552018236,673031166 673034920
1205147966,1394484421
4192765948,4192765949 4192765948
9799360709,9799358415
3829557461,3829557476
3056369321,3056369321
5243158305,1904481837
1904481841,1904481841
4348085432,1155887159
10049431358,4325961143
1940955440,281818154
3670588030,444711713
293058768,11149505401
4446657374,9218981452
770831602,2450257170
663452441,4846726125
6709437198,6705017244
8833028584,8833037641
8465171104,896290140
12194008486,6692363588
1883377869,1883377908
10771676035,10771676046
11230300553,627289454
4053990214,4057677668
2936384949,8059961885
9767888648,9767888652
4206119764,4206119774
4339110827,339300522 281843801
11966095050,11966095049
1919452872,1919452872
11966095036,11966095035
9395125648,9395125633
481102160,1021273142
778779096,778779276
616935720,3844214212
8866998928,8866998969
4055842571,4484907760
3677464207,3677464190 6150452727
5238570190,2039008597
8905208186,5432283697
9115784894,9115784896
7980987648,6684906585
2495720354,1651050839
10978033959,691148174
2205993693,5585270721
627289677,627289666
627289448,627289447
560832825,8048590844
470737832,470737832
3998454066,3998454066
11230063584,11230063585
3522760339,3523529805
9538859720,9538859720
486668413,772093092
1646573157,6510367619
1369298771,3146904527
4333834451,8822867272
9671371459,8704286347
11140183130,6673322685
4981815367,7735029541
12022316297,12022316297
11135444366,6655953686
3790483262,6655953685
5323254005,9629768870
1894704925,1894704924
766989615,766989551
10264235740,417244329 10264235750
4336216267,281843587
292801151,11931406840
1167627353,1167627238
10213633471,8858669493
11493358439,9778613455
1729716763,1417446681
5267122854,5267122854
9139216157,9139216157
2451938274,3911659453
4459783287,8228452718
492289164,8169033017
2160211467,6520229434
3472183857,3496106664
3123400728,3564777531
3726474194,4785478900
1414059712,1414058587
3007291696,1076384438
3351945592,3683267127
10922700570,10922700606
3657646796,889757499
5146389021,5146389021
6800544953,1306276212
9744924210,9744924211
9488966123,9488966123
9236849707,9289203768
6112193433,12086016602
2338494353,7015087816
676213110,4704250991
1901066263,1860833052
8356650955,1179414671
775309245,9936257886
7666844758,946396053
3524731370,3524731356
10239163737,8550931906 7804860354
4150303241,3088697919
6062403949,7706121959
887601690,2167044423
10739822640,4694543358
11187076414,11187076414
4694721552,8228452717
1071998573,481105412
10833092966,10833092966
8770549830,8770549830
9121638094,9121638094
3882675920,3882675920
4981772024,3719109735
1030275040,582768747
4819625614,5017096721
9054082607,9054082608
2926362053,1665084628
9538859929,9538859929
8604417068,7620398879
417244336,1470550264 10683861501
588153114,588153112
12073836951,1980686704
4896181928,4896181927
3178130172,3178128931
3204965403,11926617669
2075776085,9267961857
2623026638,2623023715
11787796257,3759783713
3792174943,3752242727
9234183925,6233403619
1037929348,10922700604
2597911051,2597911051
7191850394,9026905965
9566219245,10938919267
4931836184,2995238102
7626548398,7626548404
1764361672,2089426239
4964374599,1904487172
896432284,480418157
6154698194,3114153250
1179830491,1469870841
799914123,799914120
480420943,3527373417
7944088827,7944088818
10941286363,854184982
2296620315,2296620316
9074737228,9074737228
11575218405,9096820669
9096820702,9096820702
1860833324,1860833324
5102584950,5102584955
492349538,8169033117
1235406083,1235406032
11593915619,7455460942
10841367260,8858669111
394812714,9470333929
3933443657,3933443657 2239740483 3933443371
485344662,691148663
4076145575,4076145539
3894522595,3158151799
8704343396,8704343401
1259729256,1259746709
1166024231,3510616267
11897986927,11897986926
1980012839,1980012771
6087323735,11061743830
483877231,3756601865
1894498620,1894498388
3692257326,10030063317
10268485950,10268485950
2637713275,667512043
12154413288,281855288
2600954739,2600954734
8730030954,8730030954
1904487178,1904487173
2956826458,11056044756 11056044754 3271309380
1418803010,1418803012
6699346340,6699346326 6699346332
9115810220,9115810220
8751465405,8751494672
4203765477,9970103519
5064847926,1385018497
5242122064,7140573862
11601668583,582706248
8669522771,8669522771
1856342101,1856357128
11600718645,3579461246
11423968160,11423968104
9952054275,9952054275
4187742976,10992727105
9836834024,9836833964
5707088434,7999013401
10596918676,510828093
1937898642,1894927929
6053408257,7737940486
281854208,281854206
4191886276,4191886282
8201002588,8201002588
3052644723,7091987081
1027362036,1027362156
9467654406,9467654412
4006872889,1836702905
1894498487,1894498444
4714939098,5459525071
10216095265,9225442660
9777940302,6230819160 6230819155
7024093699,7024142368
281818151,281818152
8836526207,8836526207
281817277,1894564955
6630181831,6630181807
2246867089,2242540109
1894500592,1894498387
1982799475,11753597871
2520116290,5334412596
1768772653,451488557
4936102881,4936102881
588153103,588153099
11151496353,11151496356
7999013410,7999013425
8092827047,8092827047
4057677670,4057677667
3374139238,3374138823
4053990234,4057677669
1045291093,5720639223
2956828436,2956823011
627289590,627289596
5472885915,5129802722
469313650,469313696
10594503733,8858669113
11265454656,11265454656
7996572953,11974234186
9776069073,3326663274
8873837431,2240861494
4150303217,3088697915
7447822354,8839221251
1030588315,5534794732
1730669526,5534821924
9448597227,9448596531
8765602717,8765602717
12051389689,12051389678
6598951735,6598966388
10838389898,10838389898
3548691617,4348092511
9401359358,6582430686
3665548567,3442033064
9545428897,9470353031
9196949416,9527831117
419433319,4061847791
10671592010,10671592010
3743574978,4259829807
605718289,605718353
11103393360,5924616261
8730030968,9136143116
3701718662,3701718662
3518382266,3531327666
4934620357,4934610185
1024153649,5182598151
491933999,5213454542
4936102896,7726962122
914792945,914792942
8858669187,1770832833
6452841835,6452841835
8704378951,8704378983
2956827926,2956829691
507138980,6658821686
11170182062,11031828157
4934610215,11815779569
491927701,6684906685
1268294437,1268294437
8260598848,889550078
3777251722,281848484
10125285378,8878454142
12070948476,12070939347
11311122419,10754938892
2689227603,9528443860
1019418787,9528443842
11303447559,11303447507
11028601416,10742554027
1024315662,10972435157
1940955443,5027505905
1055972978,8703560494
9689305015,5092889696
649760917,1315254462
10102425066,10595048966
3673803159,6638391685
723321315,6638084745
6348518146,11970749071
5114212232,5114212431
8858669523,8858669523
485449020,8858669444
10208830998,7721678157
286814669,4449540498
3579461231,3579461234
2078302548,12044988595
11621727028,471270104
10032908984,10032909004
8740761644,8740761660
4461184389,4461184334
8858669048,8858669048 8858669040
10991193877,10991193885
806743402,1235362023
602761115,602761117
663119725,1727257825
11908632113,10806948314
491934341,4399712893
8099109402,11073920206
11121179326,6374400087
806888108,10220722296
4343833770,5196222744
506062945,10004653148
5365200147,5365200150
8616331170,8616331212
7732163760,3711192813
806815019,3702128514
485532024,841468154
547116049,1957127296
1810816118,1810823397
10685034934,10687567975
876413067,876435080 876435083
533946538,533946550
3191011993,3344995259
11905702985,254537748
514893784,7978164686
1977108571,1977108727
11230063483,11230063583
9550850155,6181635347
1977078443,1977424681
8208252818,5786342491
8229536451,6990085518
442407822,841468258
533776758,1215536557
491923413,3723672844
3235060394,2378122743
11934153207,4839210624
256825755,3376026062
416251620,4685717290
1878895766,7450694232
3744713210,3744713218
6728292295,2607073025
1053528135,5646317696
8547317347,8551081804
10772457566,8547104259 8551657796
491934464,6680805656
538142841,1241522305
806905646,2749005157
2019504565,1102739611
4100572542,4100572363
12098026573,12098026560
538137635,5762105158
4234672200,4232998004
5940750722,6725462487
419453558,9124839262
516496463,7624411225
530972360,6658739806
6086810512,4661153690
3700199960,3700199943
677292277,9502475076
1868012566,3140883562
6347770709,6065600860
357838711,5517682119
12117590213,9207934151
4416923807,3931496243
2664339001,4958849876
4205166413,11887354269
1582177306,6678156809
523116937,11061771880
1645773305,5636124712
491955174,6680811998
7637128467,7637128456
4912206902,4912206909
803873545,1048944014
5082204155,5082201218
5348170982,2331889792
4106621293,602744164
4674053410,5205399319
32687241,4944580422
6816118239,891084244
419427813,5043007914
517158381,10249714123
10951969149,5208489924
8554827845,891136241
2713133974,2713133977
9769426862,7189453219
2294164172,4678707992
492313531,7686486068
6841558623,8048590861
9024198026,9024116015
2737531835,3089151169
538139803,1241525104
1725889169,1989149221
4368276717,10062786587
3678153528,10062786590 10062786591
540893055,6499028988
248124773,3154485711
9052071654,9902942217
648444492,2027828594
8120183440,11079564406
647520404,5831773068
339373722,5109399621 5109398322
9928898843,9886765745
11497712288,11160196475
974360439,8973104589
1390252905,6204822799
1641970390,7823446281
6268739338,4350709589
302313952,10062786574 10062786575
8442136360,8442136367
492380383,4459818095
491900179,800922594
7243959528,4108505112
806399662,1235361990
6861849480,6920899503
1762388861,12101446666
4733673236,1236779387
3151878008,3151882651 3151882312
11166241520,5183023511
5237333629,5994465985
6773349262,6720012364
6699690072,1162177016 6228776845
10043924114,10062786594
4620855445,455494663
10698668100,4331972693
11670626486,529698550
1674052147,9514352621
7052852236,4953861222
1585387223,10062786592
1605675187,1235391713
4481145877,290549837
4366507697,3299927544
3783832161,7494983305
9268717988,11090604605
9954448502,4188512901
806397596,1280194451
1383973448,9390792265
6737710581,5719162318
974206905,6210718885 11128791379
11028886324,6228691001
11146655614,9362756843
5953000920,6089281216 5953001142
1564498919,2430599293
5907729912,2147184803
4429165010,3561731197
3380649529,7894811170
1277892229,6208815370
506389304,7613265278
12073973929,1406209831
5146654066,11070167585
799989260,6928793338
2932188078,11942750877
7692123763,5847840712
6489471803,5670388993
647599409,11066006325
5423619557,6580642585 7419979207
1399014750,677284036
492343803,4441276691
3215372000,507657082
2747115319,6644336671
10062680986,10062786586
416243810,8662329199
6040852229,4657198089
529523790,4735908875 10211038754
2319115944,9818886419
976350650,6696438147 1749451568
1764361213,7874123485
12015850575,4961138829
2892643610,3633787193
1573742527,4556763731
11110363604,5324883305 3988825650
11848627117,11074292875
519561488,719289329
57971529,27142233
4396310714,9496772474
530247076,11178936839
8627480834,11084901305
11064483708,1280206544
11303521313,5355709228
2655581732,6543623688
9381204513,9383642130
7538261846,11090440907 7538241135
415851122,11090439205
2915527696,11742758569 4049757967
647399739,5861923635
302303033,10062786595 2311534777
5279147760,5438905628 5438903408
6358075385,11021806192
8481184213,3777319116
470141172,3768372292
11184743829,5827688486
663452564,8763049766
11340653035,9998686971
3853896571,4387427694
5814036322,1134767888
10774234759,2122118088
1564511607,7029537472
9203548011,9203548009
3174178817,3557255798
9254802892,6467488614
4685756604,1459416785
623566412,9200333810
9021683729,10874203994
10065683785,10069670748
2939439790,9395656804
1938847010,12094323612
9267582857,3832568198
8477727914,3235438944
7024753079,9198822608
3980985198,2081856236
12146453056,6761066689
7123322403,7131761364
5827931087,4401375026
7224749218,9960322389
4274014907,6758101074
3921207628,3926506738
6431924318,9200333811
5803982638,4573973194
473235649,6985952568
6737778457,5719165031
799995023,5195943221
492301445,3702177239
11230111202,11230119320
2737531816,4858150133
3769607588,3769572241
656641569,656641572
4722637860,7098855311 4685616814 6513544814
4317351964,5338231495
8550994057,8550955026
347564511,9200333812
6926238919,9506780247
6031230411,5487378362
10074245404,10069670747
267587554,1218493646
37019052,1218493649
26823898,4409072162
10923390869,9762802102
10187646426,1218493642
4471898548,7272793342
9063669965,9063670031
4203738841,11058162204
7238148616,1730356558
1228774425,1730356567
416168334,1730356575
1764361429,9190557731
1583264773,1730356540 1730356534
1827141074,9691161867
2498532776,244245790 2029726458
8365627423,9813309842
4293295674,331711770
289818941,331711756
6761055181,6761055180
9386978163,5352688622
8703935132,10195292002
9878355479,9408933181
3436477920,5173305063
416238065,331711807
287766664,331711988
291462017,331711987
278111442,331711986
416174579,331711983
11048805439,1730356618
9770114492,4731062750
278099417,331711796
289819012,331711802
287660727,331711801
416228904,1730356632
6091231065,5766623237
1463568586,10069670746 1076304709
1040294835,1738808391 1040294835
1930165639,1930165609
8258149955,3609146001 2966011025
9906686635,1738808388
289818955,331711755
4292037066,331711799
6255177479,8095014626
11979016380,9445932270
9399115734,4396703373 9112009329
11090178970,8255866832
291131703,1730356597
4345260065,1730356585
291150614,331711989
37072585,1218493641 1218493657
3416904474,3416904474
9311639720,1218493647
10908194865,10908194840
3728628773,4409078595
3755274255,8608037866
1025710235,9198818263 3710701589
288665040,8512237804
2403905452,11833186633
1583264853,1730356510 1730356505 1730356521 6230832185
1738808400,1738808400
4412580942,4636016536
1914621112,4409072164 4409072539
9980225727,4409073394
3557336451,331711897
10074037402,9990781754
9458893049,9458893054
10704973541,331707140
342225577,7891176386
2393282581,2393270949
5744570706,1997553225
5744652099,1997553218
5819675583,331712081
2626540231,331712029
10701131914,331712020
47895243,705777565
419436861,705777508
3137921346,331712068 331712035 331712069
419455079,331712067
11012058792,1784164903
11012059524,2028915677
6026388799,331712002
3137930096,331712001
547769280,1140324956
6737624874,766812328 6737616973
538133336,4336101727
1030319622,3154515177
37152089,331711779
10698048143,1730356613 1222650974
12109964134,1719504255
10697452173,331711771
2014122975,7647381959
256533275,7866613993
11179586201,11486368509
41128198,1997618005
11267903209,1997617993
5281056130,4409073396
1069982064,331707068
775916682,931454235
3637374642,331707069
1486634449,1950187325
1696892719,10302939160
2733831309,1997617972
1515736113,1515736039 4409072177
2679909115,4409072155 10141950307
11134821054,10129351409
43791860,1997617997
382781006,6938312368
473255481,11780973160
10025036907,11780973161
1200417575,2089404752
492297410,1643754247
419473025,4727106792
127403735,1997553244
519301644,6642058802
3383919987,7894811175
1946311692,1997553253
5709961863,1997553261
5709961928,331707115
1055260804,2273219582
3031174241,11722227133
544293640,7578861550
9818948281,801565782
4452893147,9441257558
4293790892,8836420680
321344074,2029385782
8222269432,2635863412
1156532724,5766621034
27611147,5766614952 5766614935
6907811085,8059950594
11775592685,11421765704
9823435526,9823425515
2727777951,3352675378
9918262216,6173615682
4560691817,12026948215
3780367061,3947147238
2045664653,832320896
2699310701,2261959040
3567472190,10797403758 2270020758
896250655,3166130735 3123041219
4022864738,6150466300
9208318662,8060069685
248128363,5766594757
10005378112,6150437673
58257596,4409072524
647515502,4892814412
10706518418,1997553248 1997553251 1997553252
7393086499,7393086498
3744557746,3559894193
12047208155,4409072169
4723739264,5520838609
491911797,5754584195
12171633624,10696055998
30460402,5225700601
2626540177,1738814589
2626540401,1738814588
10706437672,331712072 331712073
47959348,1738814585 1738814586
10701131905,705777544 6656645596
1909317233,11663534301
5670012936,331711999
529530725,9158235094
3384689561,8056278966
10767383123,4409072503
9339277995,1102836350
647515542,9008785940
11012059530,2028915673
750171229,9438890692
12179649397,12179649354
5334348774,4731354333
5526629634,6453713335
1714826213,1714836312
3679181899,10960610023
1682181027,6525660594
3700208270,3700208262
248128373,5766614886
248128375,5766614895
1155632856,5766594350
3221279960,7131761288 7131761289 7131761290
1155632685,5766594768
1156532725,5766615159
11342848461,7869951469
519562797,10797403756
5077211260,9607745958
514038400,8969290976
2327355823,7231310037 7519653222
2248647277,11071758100
538522732,1193116493
10693551835,1730356545
4426767486,1730356548
12140122813,1235362053
3890653557,3890700471
9520246860,5183023519
6491560032,8413443818
11178065899,5222336376 5627415934 7265497408
9458990892,9258425168
2555168792,5222336377
9686413770,5614207233 1516863400
11992997423,10065470510
1521617273,4409072186 4409072521
5924574248,9408941554
3225787033,4409072180 4409072497 4409072495
1924758286,4409072152 4409072499
7345713214,5130280292
1763747599,332510275
4524265980,5712053235
1394484643,1394484422
11800434927,9408908395
4084368533,4084368617
10074232266,2635868444
1504703427,4409073400
11841711012,9395502778
11578343587,4823901581
25878007,11048788422
2732350519,11423820639 5824833550
1099036701,7508960189 2627880282 3577565549
3218385396,4409072166 4409072176
9596468179,4852904461
10698048306,5451363835
3127994789,3495688193
3637374972,1997617966
8537917103,9012769717
8034564242,3422883558
11135032128,11774198925
12015850589,6917139499 7552759246 7552688865
1696530631,9735999592
10274066474,10270775820
1585308890,7228197289
8955801715,10797403764
8500713950,652994287
630210806,11165873789
10956344219,11932505647
8518644812,8515560974
3780354779,6632440477
10205031902,4439557200
1649965798,5766594308
10198027380,12094112203
9571287226,9571242683
333783729,6388587370
3672588011,6587516077
3736695201,8246006452
3256179207,3256179184
789213257,10005349735
10261212446,2636189521
248128377,5766614887
1155632638,5766594338
9950302101,9392912908
9184339279,9184339280
1657150170,4409073280
2363730329,10751642093
1336371403,1336371205
4469528994,4469524695 667286851
1598469402,5185052115
11266288468,7089873045
491895007,4234700104
1686418267,7894811168
6652273979,4445795968
1017788514,12042936694
4213192654,5837287097
4213201260,11421601875
877959944,6150446116
268528407,3672622874
3579564114,3579564108
5973753621,5973753602
3633801258,3725483129
416111915,8959271685
7103724037,8740733446 10126907883
2657360208,10797403757
5082201128,5082201211
4973044314,6677419744
2073947826,8018704183
4502836829,4507214582
638793103,8554670927
5973750063,428236258 9035717745
8851609433,1235353109
8439037416,11667683787
5487658493,6611283957
9946361686,9946361686
11569608294,11481531261
4501535453,8151393807
8281962236,9356225819
5326614000,7638817278
7779921577,3666684802 3666684801
8112306631,6150431920
11278274289,10141691150
8284252471,8284252460
1215620207,2122116681
659983106,4339123510
11293618659,2488974522
1982823121,7415087886
5609426639,5183023170
11066010159,5175856809 5175856934
9271832170,9229279169
1948434849,9864764551 4409073401
1698629012,11401424222
1676482532,9854032228
9336080829,9336080841
9029561699,6218038787
1689584527,11722227132
8944522853,4409073283
3784785257,3336697393
8805291299,4742382825
7040896195,9338252484
11072198255,9864359994
7112742575,5538344914
9768268400,8149298443
6833667308,12096356773
1023588820,6150465277
9791620968,6659062067
4388454975,4376688105
1466512904,4409054101
1008527820,1424887806
8757613476,4409054105
11963223275,6230792363
10274232464,4409078589
3656956728,6212110069
419462020,7884854485 7982199585
3220980290,4409072498
2179308211,9169917335
647599817,5183023506
9398169878,2321187388
419436430,2635881537
5609426637,5183024833
419468350,8288492555
2367895909,7310616357
5082204197,5082204151
11809062981,5222336378 6747336537
1014671358,6225969483
2239983348,6813624909
33318238,6632018858
519568088,8551136696
3035985593,3035990038
7830779366,7830779366
1647583050,11688459684
11299185900,5247973822
11113110821,9575778881
1582176148,4042385216
6919412105,9025716495
3012679414,1551311377
5245070038,3678150467
4258420669,10043834740
4303535161,4257819553
1156532958,5766621864
1155632927,5766614867
3345288773,3345288776
27611207,5766621853
11259663032,10797403759
2313819902,10684241338
1183440898,1183445835
3339291994,4277744999 3895802886 4277749994
1590056254,5797925235
6610260820,11712181398
286379891,8150372000
9925660521,2014764605
8923685247,4706126304
7313073688,4112088899
1646573725,11384353095
514856353,5405191027
442122035,442122035
10224913277,830652422
1371829618,1368097904
1642736575,11658710561
492387670,11664550441
4356707303,2635833357
10920664585,4562796472
678176441,4409072161 4409072160
10152686619,7033781790
441353713,2289562465
4415824216,3091949577
559821552,3677408841 3677399686
491888287,9083524458
516479527,4624123964
416159358,10301614067
703593989,1234226224
1387836494,6499763120
4416643067,7103934972
1385452473,9719080651
1318407260,4642813291
8150544564,8415967217
1764321102,5749755258
4110499236,6150461317
1060531282,6433138031
6489310415,10797491348
7949570519,1589406125 11932050182 11932046691
258664757,7688386851
1363732174,7610580962
1385458184,10797491350
12174033721,12122477928
2386927254,2639375633
6091768247,5767392971
1169420655,2635867753
3731143944,3731143944
7700059544,2639752930
9458715326,2409143594
5004111822,4409080570
3329588663,8375699988
1620930793,4630800905
4080853276,4345343841
1348815954,1037985579
11539179501,9408933188
4655168075,2635892969
1098743968,9942776231
3669615755,10797403761
6340983326,5112143186
1197784756,8612650456
3597628273,2480845186
12010755616,5612690463
8604312416,9392966312
1235362062,3777176755
553101323,11999727731
1202563929,9738391229
1399014646,3946929666
7929100966,3946930041
988211848,6150410996
12117643942,9890626606
8691791654,3154547319
10187637167,9567213879
11451537969,4192782081
280172175,1651054679
8286477870,5220703422
541065968,1659452433
9797979103,5222736419
806648152,7747806336
1940491585,2635851878
10927146751,6813592748
2034477620,11078905864
3206611671,3206611671
519299963,5045784835
5750763242,6150455482
1390501846,3358827208
1504329033,9979000598
1215247305,4409072504
4006688875,4166777049
6970267631,428217683
9461953371,9461953370
10774234631,4409072157
506389668,7610375952
9042002678,1763747660
2706069973,10315631569
538523824,2755162582
10046257152,10131610525
6499801665,9719046237
3345192406,6815835834
6298461187,6298502526
530232932,9158259228
8425972787,6858991956
783668041,9432252131
9861673073,7949590886
1649959999,5766614920
1156496876,2353019297
316256213,11071734624
523114109,7902907948
5000711493,1624407347
1521617854,4409072523
11117813047,7538456134
7400344075,12117585192
4574114278,10243511430
30460452,4409072549
4396976135,7685390168
4062404306,4062404296
5225710883,4409072174 4409072496
10996162281,8403351955
9776069128,3779763407
287647112,4696507135
813530826,813530827
8150544563,8415967218
12217262579,12217305475
516484253,10797403762
5406500550,5381835722
5788728945,10797403760
4716042676,2282627965
4902598795,764750454
2515854738,5413615666
1105431431,10950808891
9749661992,4580333927
2014760006,2014764665
1637271311,5541546214
4485567392,4485566964
5346415107,5346390273
8737656127,10683861499
1352175045,5237345534
4937815150,5746652298
8944457396,4409073284
846280585,7816333447
3329588678,8375695215
1759056356,1759056364
1014695292,2606935213
25838306,6353195299
2795571923,2795637364 9575778918
873256504,11787989512
677292209,5009817422
3762565861,3762191987
8195840552,6150441196
1736672346,1736672226
2215558040,6813576946
1960985647,4173784519
10091215663,667870255
3438616180,12219230611
7520337480,8830982510
5864475701,4784955927
1156532950,3793060666
8656970658,7123517338
8006389392,9314691027
11519967352,5104402834
769482592,769845267
559360966,4518145289
2089403389,4336216199
8483590498,7196669524
8509105653,10209073845
570541947,9408941532
4429354357,4593474330
12084064369,12084010965
11456250680,3458520493
8034564269,5010190621
519149923,3163919876
504435873,6228673643
7650299466,619536290
11523689269,11523730100
4611170246,2383876647
6641321559,5005349725
1598469417,5183024821 5183023520
8923685282,6225910948
349000418,4832098470
4339198625,4177357612
1747231433,5405640393
3693880446,4742446017
3220963532,4409072147 1588853551
3919804899,3919801117
10538093386,5043818924
1230213212,4991197822
415855298,4081891587
9676791440,4173784518
10820797218,7610645199
492296794,9089846153
2115093902,7400050208
5348470852,7637269085
6764878183,12101837861
2292008832,1682662425
1686086390,11427583032
520753123,8805286925
339246408,339250603 2341517048 2341517049
799994801,7866754032
4032215127,10747542145
3221013861,4409072153
1914795154,4409072506
471702435,4409072150
9027129494,6218048090
491885617,11722227168
491976756,11722262069
9426807339,9798827881
11883012806,610467027
492385098,11079478305
1038899177,6829209885
1095052152,5123709131
1030215274,6433226947
11668180767,8514807643
2496912801,8514807641
12047219671,2067075074
335773468,8997357820
1014339978,6928801360
11668180759,8514807644 8514807645
1426812913,2352514188
2424607359,9011018135
1582181361,2621360370
12207974708,6150426416
11892862125,1927933783
5196752025,6789413890
2743902541,516495088
8723490699,1887632000
4706036414,1409400050
6952497218,5004452403
2653383551,5766387209
11139999769,9147224167
11259912120,8616970516
9064803893,3692702264
4643734823,4643734823
11963188930,9408938213
1642764804,3604019933
4845368863,11717983891
3103065254,3593697893
416252733,4177431282
3534838776,4353156379
1319731237,6150424925
6052075351,6052075356
4536020733,3579540567
553185383,4438828429
952095930,10106873002
12200045876,1386868154
5324306334,4812009029
973344090,2916741414
850391140,5266935542
8762879507,10184308936
5318756531,349315731
8689689752,1167493864
516471276,6638561405
505329066,7653939504
491968170,9673310139
6979741579,6481651875
1379425942,9866685915
8994632395,8978775173
520971087,7393086142
4364188857,1637256298
3124991709,3609204994
5960559649,6641298282
7087289768,5095198869
11040395200,12101499677
286386229,12020436749
1231651026,1231650785
2489017900,7637198631
895289893,895289902
7637198634,7637198632
10774484914,10672589466
7517814837,7515782953
3710701884,3709866079
8613214998,249412680
9424238066,4991210817
3960231430,3960231430
516468955,5726895832
444046240,11100085475
7320904955,623808773
491971135,7637311489
491894867,9082833283
1696529328,2643167652
3769052460,3768344052
6328228757,6914089356
1598934089,12015897508
339820736,2973839782
491974997,5413602750
703594024,1234226164
11658244995,10155206856
5978071859,11028191253
5131452730,7556584861
10597843218,3725520094
6208946212,6208946235
9301707908,6767287977
1060258600,6742229325
1352175119,6150444605
6269053717,4409072505
4449718764,11480739983
10544289145,2954575305
10922700610,10925183829
4739514182,7996361194
435701048,435701033
1496692029,2668133606
1686413974,4873313521
10048374605,4409078597
5579521190,9575559292
3099827096,9160624075
8502116348,4927748822
806855197,5713569321
419466930,9802410335
485553139,4402861110
492329385,6816565097
31848600,4409080568
492317567,5872496284
3634536495,8177660313
3225819058,4409072172
10798203273,9978984819
4927558896,5400408777
12029592249,7949587285
5351975704,7034459859
11082311642,6014365573
12178944076,12101361971
7356888203,1181702819
7241748908,2795673670
529129102,10981037973
6287389195,4409072179
8762925317,10184308734
4353268162,2635875157
1164564256,8989216008
7647124867,7630674151
1107416708,4409072158
25877976,4409072520
491981524,3299917851
3651460273,3646800225
10249698904,10249652193
6933731860,8816012341
11991278383,9802973683
4571239140,4783924434
4427019558,4409054104
1582152072,11844984682
3277552320,6972812801
1926178965,10164191029
11545418055,10728703588
1696892677,10820795951
10676924059,4331972692
9168582439,9168582440
10820790062,10820790053
5774572191,6880417006
8811497258,3960684072
9520246880,5183024734
3219590730,4409072543
4049625682,6711114689
2854405500,5010317022
1683574516,4643318994
1598469428,5183024733
12008939528,8404052693
412713569,11243584578
1926178945,4409073397
4000791865,3895745201
3154361870,2642945903
8972805549,8972805547
10088665530,6150448628
529526936,10211158129